Albania  ;Europa  
Andorra  ;Europa  
Bosnia y Herzegovina;Europa
Croacia  ;Europa  
Eslovenia  ;Europa  
Grecia  ;Europa  
Italia  ;Europa  
Macedonia  ;Europa  
Malta  ;Europa  
Montenegro  ;Europa  
Portugal  ;Europa  
San Marino  ;Europa  
Santa Sede  ;Europa  
Serbia  ;Europa  
Alemania  ;Europa  
Austria  ;Europa  
Bélgica  ;Europa  
Francia  ;Europa  
Liechtenstein  ;Europa  
Luxemburgo  ;Europa  
Mónaco  ;Europa  
Países Bajos  ;Europa  
Suiza  ;Europa  
Belarús  ;Europa  
Bulgaria  ;Europa  
Hungría  ;Europa  
Moldavia  ;Europa  
Polonia  ;Europa  
República Checa  ;Europa  
República Eslovaca  ;Europa  
Rumanía  ;Europa  
Rusia  ;Europa  
Ucrania  ;Europa  
Dinamarca  ;Europa  
Estonia  ;Europa  
Finlandia  ;Europa  
Irlanda  ;Europa  
Islandia  ;Europa  
Letonia  ;Europa  
Lituania  ;Europa  
Noruega  ;Europa  
Reino Unido  ;Europa  
Suecia  ;Europa  
Angola  ;África  
Camerún  ;África  
Congo  ;África  
Gabón  ;África  
Guinea Ecuatorial  ;África  
República Centroafricana  ;África  
República Democrática del Congo  ;África  
Santo Tomé y Príncipe  ;África  
Chad  ;África  
Botswana  ;África  
Lesotho  ;África  
Namibia  ;África  
Sudáfrica  ;África  
Swazilandia  ;África  
Benin  ;África  
Burkina Faso  ;África  
Cabo Verde  ;África  
Costa de Marfil  ;África  
Gambia  ;África  
Ghana  ;África  
Guinea  ;África  
Guinea-Bissau  ;África  
Liberia  ;África  
Mali  ;África  
Mauritania  ;África  
Níger  ;África  
Nigeria  ;África  
Senegal  ;África  
Sierra Leona  ;África  
Togo  ;África  
Burundi  ;África  
Comores  ;África  
Djibouti  ;África  
Eritrea  ;África  
Etiopía  ;África  
Kenia  ;África  
Madagascar  ;África  
Malawi  ;África  
Mauricio  ;África  
Mozambique  ;África  
Ruanda  ;África  
Seychelles  ;África  
Somalia  ;África  
Tanzania  ;África  
Uganda  ;África  
Zambia  ;África  
Zimbabwe  ;África  
Argelia  ;África  
Egipto  ;África  
Libia  ;África  
Marruecos  ;África  
Sáhara Occidental  ;África  
Sudán del Sur  ;África  
Sudán   ;África  
Túnez  ;África  
Belice  ;América  
Costa Rica  ;América  
El Salvador  ;América  
Guatemala  ;América  
Honduras  ;América  
México  ;América  
Nicaragua  ;América  
Panamá  ;América  
Canadá  ;América  
Estados Unidos de América  ;América  
Argentina  ;América  
Bolivia  ;América  
Brasil  ;América  
Colombia  ;América  
Ecuador  ;América  
Guyana  ;América  
Paraguay  ;América  
Perú  ;América  
Surinam  ;América  
Uruguay  ;América  
Venezuela  ;América  
Chile  ;América  
Antigua y Barbuda  ;América  
Bahamas  ;América  
Barbados  ;América  
Cuba  ;América  
Dominica  ;América  
Granada  ;América  
Haití  ;América  
Jamaica  ;América  
República Dominicana  ;América  
San Cristóbal y Nieves  ;América  
Santa Lucía  ;América  
San Vicente y las Granadinas  ;América  
Trinidad y Tobago  ;América  
Kazajstán  ;Asia  
Kirguistán  ;Asia  
Tadyikistán  ;Asia  
Turkmenistán  ;Asia  
Uzbekistán  ;Asia  
Afganistán  ;Asia  
Bangladesh  ;Asia  
Bhután  ;Asia  
India  ;Asia  
Irán  ;Asia  
Maldivas  ;Asia  
Nepal  ;Asia  
Pakistán  ;Asia  
Sri Lanka  ;Asia  
Arabia Saudí  ;Asia  
Armenia  ;Asia  
Azerbaiyán  ;Asia  
Bahréin  ;Asia  
Emiratos Árabes Unidos  ;Asia  
Georgia  ;Asia  
Yemen  ;Asia  
Iraq  ;Asia  
Israel  ;Asia  
Jordania  ;Asia  
Kuwait  ;Asia  
Líbano  ;Asia  
Omán  ;Asia  
Qatar  ;Asia  
Siria  ;Asia  
Territorios Palestinos (o Palestina)  ;Asia  
Turquía  ;Asia  
Chipre  ;Asia  
Corea del Norte  ;Asia  
Corea del Sur  ;Asia  
Japón  ;Asia  
Mongolia  ;Asia  
Taiwán, China  ;Asia  
China  ;Asia  
Brunei  ;Asia  
Camboya  ;Asia  
Filipinas  ;Asia  
Indonesia  ;Asia  
Laos  ;Asia  
Malasia  ;Asia  
Myanmar  ;Asia  
Singapur  ;Asia  
Tailandia  ;Asia  
Timor Oriental  ;Asia  
Vietnam  ;Asia  
Australia  ;Oceanía  
Nueva Zelanda  ;Oceanía  
Fiji  ;Oceanía  
Islas Salomón  ;Oceanía  
Papúa Nueva Guinea  ;Oceanía  
Vanuatu  ;Oceanía  
Islas Marshall  ;Oceanía  
Kiribati  ;Oceanía  
Micronesia  ;Oceanía  
Nauru  ;Oceanía  
Palaos  ;Oceanía  
Samoa  ;Oceanía  
Tonga  ;Oceanía  
Tuvalu  ;Oceanía
