Ávila;Castilla y León
Cádiz;Andalucía
Valencia;Comunitat Valenciana
Jaén;Andalucía
Madrid;Comunidad de Madrid
Cantabria;Cantabria
Vizcaya;País Vasco
Asturias;Principado de Asturias
Las Palmas;Canarias
Pontevedra;Galicia
Guadalajara;Castilla - La Mancha
Islas Baleares;Illes Balears
Navarra;Comunidad Foral de Navarra
Granada;Andalucía
La Rioja;Rioja, La
La Coruña;Galicia
Teruel;Aragón
Zaragoza;Aragón
Málaga;Andalucía
Badajoz;Extremadura
Huesca;Aragón
Alicante;Comunitat Valenciana
Murcia;Región de Murcia
Álava;País Vasco
Gerona;Cataluña
Palencia;Castilla y León
Segovia;Castilla y León
Zamora;Castilla y León
Lugo;Galicia
Soria;Castilla y León
Toledo;Castilla - La Mancha
Barcelona;Cataluña
Cuenca;Castilla - La Mancha
Almería;Andalucía
Albacete;Castilla - La Mancha
Cáceres;Extremadura
Ciudad Real;Castilla - La Mancha
Lleida;Cataluña
Córdoba;Andalucía
León;Castilla y León
Orense;Galicia
Tarragona;Cataluña
Castellón;Comunitat Valenciana
Huelva;Andalucía
Santa Cruz de Tenerife;Canarias
Burgos;Castilla y León
Guipúzcoa;País Vasco
Salamanca;Castilla y León
Melilla;Melilla
Sevilla;Andalucía
Valladolid;Castilla y León
Ceuta;Ceuta
